<?xml version="1.0" encoding="UTF-8"?>
<project-private xmlns="http://www.netbeans.org/ns/project-private/1">
    <editor-bookmarks xmlns="http://www.netbeans.org/ns/editor-bookmarks/2" lastBookmarkId="0"/>
    <open-files xmlns="http://www.netbeans.org/ns/projectui-open-files/2">
        <group>
            <file>file:/C:/Users/tatia/Desktop/Construpro/src/Vista/tbabast.java</file>
            <file>file:/C:/Users/tatia/Desktop/Construpro/src/Vista/gestor_proyecto.java</file>
            <file>file:/C:/Users/tatia/Desktop/Construpro/src/Vista/tbmat.java</file>
            <file>file:/C:/Users/tatia/Desktop/Construpro/src/Vista/Asignaciones.java</file>
            <file>file:/C:/Users/tatia/Desktop/Construpro/src/Vista/Menu_Calculadora.java</file>
            <file>file:/C:/Users/tatia/Desktop/Construpro/src/Vista/Calc_abast.java</file>
            <file>file:/C:/Users/tatia/Desktop/Construpro/src/Vista/Calc_sal1.java</file>
            <file>file:/C:/Users/tatia/Desktop/Construpro/src/Vista/Avance.java</file>
            <file>file:/C:/Users/tatia/Desktop/Construpro/src/Vista/Calc_mat.java</file>
            <file>file:/C:/Users/tatia/Desktop/Construpro/src/Vista/tbperson.java</file>
            <file>file:/C:/Users/tatia/Desktop/Construpro/src/Vista/Insert_per.java</file>
        </group>
    </open-files>
</project-private>
